{"cameraMode":{"drawMode":0,"name":"Shaded","section":"Shading Mode"},"sceneLighting":true,"audioPlay":false,"sceneViewState":{"showFog":true,"showMaterialUpdate":true,"showSkybox":true,"showFlares":true,"showImageEffects":true,"showParticleSystems":true},"in2DMode":false,"pivot":{"x":-39.118072509765628,"y":-44.877864837646487,"z":173.6020050048828},"rotation":{"x":0.28432682156562807,"y":-0.11327273398637772,"z":0.03385145589709282,"w":0.9514138698577881},"size":86.44014739990235,"orthographic":false}