{"cameraMode":{"drawMode":0,"name":"Shaded","section":"Shading Mode"},"sceneLighting":false,"audioPlay":false,"sceneViewState":{"showFog":true,"showMaterialUpdate":true,"showSkybox":false,"showFlares":true,"showImageEffects":true,"showParticleSystems":true},"in2DMode":false,"pivot":{"x":6.067500114440918,"y":4.350287437438965,"z":38.099998474121097},"rotation":{"x":0.12856628000736237,"y":-0.034207213670015338,"z":0.004437335766851902,"w":0.9911016821861267},"size":8.67795181274414,"orthographic":true}