{"cameraMode":{"drawMode":0,"name":"Shaded","section":"Shading Mode"},"sceneLighting":false,"audioPlay":false,"sceneViewState":{"showFog":true,"showMaterialUpdate":true,"showSkybox":false,"showFlares":true,"showImageEffects":true,"showParticleSystems":true},"in2DMode":false,"pivot":{"x":6.067500114440918,"y":4.350287437438965,"z":38.099998474121097},"rotation":{"x":-0.19693231582641602,"y":0.1222885400056839,"z":-0.02476509101688862,"w":-0.9724480509757996},"size":8.67795181274414,"orthographic":false}